seq,date,operator,fragment
1,2026-09-18,admin,S
2,2026-09-18,admin,Y
3,2026-09-18,admin,N
4,2026-09-18,admin,T
5,2026-09-18,admin,{
6,2026-09-18,admin,y
7,2026-09-18,admin,r
8,2026-09-18,admin,f
9,2026-09-18,admin,f
10,2026-09-18,admin,b
11,2026-09-18,admin,a
12,2026-09-18,admin,_
13,2026-09-18,admin,2
14,2026-09-18,admin,4
15,2026-09-18,admin,_
16,2026-09-18,admin,o
17,2026-09-18,admin,e
18,2026-09-18,admin,r
19,2026-09-18,admin,n
20,2026-09-18,admin,p
21,2026-09-18,admin,u
22,2026-09-18,admin,_
23,2026-09-18,admin,p
24,2026-09-18,admin,b
25,2026-09-18,admin,a
26,2026-09-18,admin,g
27,2026-09-18,admin,n
28,2026-09-18,admin,v
29,2026-09-18,admin,a
30,2026-09-18,admin,r
31,2026-09-18,admin,q
32,2026-09-18,admin,}
